appid,name,timestamp
730,Counter-Strike: Global Offensive,2026-02-25T01:15:42.296311
1172470,Apex Legends,2026-02-25T01:15:42.296321
578080,PUBG: BATTLEGROUNDS,2026-02-25T01:15:42.296324
1623730,Palworld,2026-02-25T01:15:42.296326
440,Team Fortress 2,2026-02-25T01:15:42.296328
1938090,Call of Duty: Modern Warfare II,2026-02-25T01:15:42.296330
1063730,New World: Aeternum,2026-02-25T01:15:42.296332
2358720,Black Myth: Wukong,2026-02-25T01:15:42.296334
271590,Grand Theft Auto V Legacy,2026-02-25T01:15:42.296336
550,Left 4 Dead 2,2026-02-25T01:15:42.296338
304930,Unturned,2026-02-25T01:15:42.296340
1599340,Lost Ark,2026-02-25T01:15:42.296342
236390,War Thunder,2026-02-25T01:15:42.296344
2246340,Monster Hunter Wilds,2026-02-25T01:15:42.296346
553850,HELLDIVERS 2,2026-02-25T01:15:42.296348
230410,Warframe,2026-02-25T01:15:42.296350
1245620,ELDEN RING,2026-02-25T01:15:42.296352
105600,Terraria,2026-02-25T01:15:42.296355
2694490,Path of Exile 2,2026-02-25T01:15:42.296357
431960,Wallpaper Engine,2026-02-25T01:15:42.296359
1086940,Baldur's Gate 3,2026-02-25T01:15:42.296361
291550,Brawlhalla,2026-02-25T01:15:42.296363
4000,Garry's Mod,2026-02-25T01:15:42.296365
1085660,Destiny 2,2026-02-25T01:15:42.296367
359550,Tom Clancy's Rainbow Six Siege,2026-02-25T01:15:42.296369
252490,Rust,2026-02-25T01:15:42.296371
552990,World of Warships,2026-02-25T01:15:42.296373
346110,ARK: Survival Evolved,2026-02-25T01:15:42.296375
413150,Stardew Valley,2026-02-25T01:15:42.296377
242760,The Forest,2026-02-25T01:15:42.296379
1491000,War Robots: Frontiers,2026-02-25T01:15:42.296381
238960,Path of Exile,2026-02-25T01:15:42.296383
218620,PAYDAY 2,2026-02-25T01:15:42.296385
291480,Warface: Clutch,2026-02-25T01:15:42.296387
901583,Grand Theft Auto IV: Complete Edition,2026-02-25T01:15:42.296389
899770,Last Epoch,2026-02-25T01:15:42.296390
340,Half-Life 2: Lost Coast,2026-02-25T01:15:42.296392
1091500,Cyberpunk 2077,2026-02-25T01:15:42.296394
381210,Dead by Daylight,2026-02-25T01:15:42.296396
990080,Hogwarts Legacy,2026-02-25T01:15:42.296398
438100,VRChat,2026-02-25T01:15:42.296400
292030,The Witcher 3: Wild Hunt,2026-02-25T01:15:42.296402
945360,Among Us,2026-02-25T01:15:42.296404
1097150,Fall Guys: Ultimate Knockout,2026-02-25T01:15:42.296406
49520,Borderlands 2,2026-02-25T01:15:42.296408
227300,Euro Truck Simulator 2,2026-02-25T01:15:42.296410
892970,Valheim,2026-02-25T01:15:42.296412
739630,Phasmophobia,2026-02-25T01:15:42.296414
444090,Paladins,2026-02-25T01:15:42.296416
1203220,NARAKA: BLADEPOINT,2026-02-25T01:15:42.296418
320,Half-Life 2: Deathmatch,2026-02-25T01:15:42.296420
70,Half-Life,2026-02-25T01:15:42.296422
582010,Monster Hunter: World,2026-02-25T01:15:42.296424
227940,Heroes & Generals,2026-02-25T01:15:42.296426
252950,Rocket League,2026-02-25T01:15:42.296428
108600,Project Zomboid,2026-02-25T01:15:42.296430
1966720,Lethal Company,2026-02-25T01:15:42.296432
1174180,Red Dead Redemption 2,2026-02-25T01:15:42.296434
1517290,Battlefield 2042,2026-02-25T01:15:42.296436
1240440,Halo Infinite,2026-02-25T01:15:42.296438
648800,Raft,2026-02-25T01:15:42.296440
386360,SMITE,2026-02-25T01:15:42.296442
444200,World of Tanks Blitz,2026-02-25T01:15:42.296444
10,Counter-Strike,2026-02-25T01:15:42.296446
240,Counter-Strike: Source,2026-02-25T01:15:42.296448
3164500,Schedule I,2026-02-25T01:15:42.296450
755790,Ring of Elysium,2026-02-25T01:15:42.296452
400,Portal,2026-02-25T01:15:42.296454
1222670,The Sims 4,2026-02-25T01:15:42.296456
550650,Black Squad,2026-02-25T01:15:42.296458
322330,Don't Starve Together,2026-02-25T01:15:42.296460
239140,Dying Light,2026-02-25T01:15:42.296462
477160,Human Fall Flat,2026-02-25T01:15:42.296464
251570,7 Days to Die,2026-02-25T01:15:42.296465
100,Counter-Strike: Condition Zero,2026-02-25T01:15:42.296467
1665460,eFootball,2026-02-25T01:15:42.296469
417910,Street Warriors Online,2026-02-25T01:15:42.296471
433850,Z1 Battle Royale,2026-02-25T01:15:42.296474
594650,Hunt: Showdown 1896,2026-02-25T01:15:42.296476
814380,Sekiro: Shadows Die Twice - GOTY Edition,2026-02-25T01:15:42.296478
1116170,CyberCorp,2026-02-25T01:15:42.296480
220,Half-Life 2,2026-02-25T01:15:42.296482
107410,Arma 3,2026-02-25T01:15:42.296484
1326470,Sons Of The Forest,2026-02-25T01:15:42.296486
219990,Grim Dawn,2026-02-25T01:15:42.296488
255710,Cities: Skylines,2026-02-25T01:15:42.296490
261550,Mount & Blade II: Bannerlord,2026-02-25T01:15:42.296492
8930,Sid Meier's Civilization V,2026-02-25T01:15:42.296494
304050,Trove,2026-02-25T01:15:42.296496
289070,Sid Meier’s Civilization VI,2026-02-25T01:15:42.296499
377160,Fallout 4,2026-02-25T01:15:42.296501
532210,Life is Strange 2,2026-02-25T01:15:42.296503
2186680,"Warhammer 40,000: Rogue Trader",2026-02-25T01:15:42.296505
1238810,Battlefield V,2026-02-25T01:15:42.296507
3241660,R.E.P.O.,2026-02-25T01:15:42.296509
221100,DayZ,2026-02-25T01:15:42.296512
526870,Satisfactory,2026-02-25T01:15:42.296514
1089350,NBA 2K20,2026-02-25T01:15:42.296516
632360,Risk of Rain 2,2026-02-25T01:15:42.296518
1811260,EA SPORTS FIFA 23,2026-02-25T01:15:42.296519
204360,Castle Crashers,2026-02-25T01:15:42.296521
218230,PlanetSide 2,2026-02-25T01:15:42.296523
72850,The Elder Scrolls V: Skyrim,2026-02-25T01:15:42.296525
394360,Hearts of Iron IV,2026-02-25T01:15:42.296527
489830,The Elder Scrolls V: Skyrim Special Edition,2026-02-25T01:15:42.296529
322170,Geometry Dash,2026-02-25T01:15:42.296531
1446780,MONSTER HUNTER RISE,2026-02-25T01:15:42.296533
224260,No More Room in Hell,2026-02-25T01:15:42.296535
203160,Tomb Raider Game of the Year,2026-02-25T01:15:42.296537
275850,No Man's Sky,2026-02-25T01:15:42.296539
367520,Hollow Knight,2026-02-25T01:15:42.296541
301520,Robocraft,2026-02-25T01:15:42.296543
767560,War Robots,2026-02-25T01:15:42.296545
2050650,Resident Evil 4,2026-02-25T01:15:42.296547
466240,Deceit,2026-02-25T01:15:42.296549
284160,BeamNG.drive,2026-02-25T01:15:42.296551
278360,A Story About My Uncle,2026-02-25T01:15:42.296553
264710,Subnautica,2026-02-25T01:15:42.296555
80,Counter-Strike: Condition Zero,2026-02-25T01:15:42.296557
370910,Kathy Rain,2026-02-25T01:15:42.296559
40,Deathmatch Classic,2026-02-25T01:15:42.296561
275390,Guacamelee! Super Turbo Championship Edition,2026-02-25T01:15:42.296563
2881650,Content Warning,2026-02-25T01:15:42.296564
311210,Call of Duty: Black Ops III,2026-02-25T01:15:42.296566
333930,Dirty Bomb,2026-02-25T01:15:42.296568
1172620,Sea of Thieves: 2025 Edition,2026-02-25T01:15:42.296570
22380,Fallout: New Vegas,2026-02-25T01:15:42.296572
250900,The Binding of Isaac: Rebirth,2026-02-25T01:15:42.296574
700330,SCP: Secret Laboratory,2026-02-25T01:15:42.296576
10180,Call of Duty: Modern Warfare 2 (2009),2026-02-25T01:15:42.296578
582660,Black Desert,2026-02-25T01:15:42.296580
1229490,ULTRAKILL,2026-02-25T01:15:42.296582
1046930,Dota Underlords,2026-02-25T01:15:42.296584
1426210,It Takes Two,2026-02-25T01:15:42.296586
2195250,EA SPORTS FC 24,2026-02-25T01:15:42.296588
2183900,"Warhammer 40,000: Space Marine 2",2026-02-25T01:15:42.296590
883710,Resident Evil 2,2026-02-25T01:15:42.296592
219640,Chivalry: Medieval Warfare,2026-02-25T01:15:42.296593
306130,The Elder Scrolls Online,2026-02-25T01:15:42.296595
244210,Assetto Corsa,2026-02-25T01:15:42.296597
268500,XCOM 2,2026-02-25T01:15:42.296599
1794680,Vampire Survivors,2026-02-25T01:15:42.296601
1818750,MultiVersus,2026-02-25T01:15:42.296603
242050,Assassin’s Creed IV Black Flag,2026-02-25T01:15:42.296605
30,Day of Defeat,2026-02-25T01:15:42.296607
236850,Europa Universalis IV,2026-02-25T01:15:42.296609
363970,Clicker Heroes,2026-02-25T01:15:42.296612
253710,theHunter Classic,2026-02-25T01:15:42.296614
379720,DOOM,2026-02-25T01:15:42.296616
273350,Evolve Stage 2,2026-02-25T01:15:42.296618
1782210,Crab Game,2026-02-25T01:15:42.296620
844870,KurtzPel,2026-02-25T01:15:42.296622
601150,Devil May Cry 5,2026-02-25T01:15:42.296625
1286830,STAR WARS: The Old Republic,2026-02-25T01:15:42.296628
365670,Blender,2026-02-25T01:15:42.296630
319630,Life is Strange - Episode 1,2026-02-25T01:15:42.296631
1293830,Forza Horizon 4,2026-02-25T01:15:42.296633
1145360,Hades,2026-02-25T01:15:42.296635
671860,BattleBit Remastered,2026-02-25T01:15:42.296637
427520,Factorio,2026-02-25T01:15:42.296639
221380,Age of Empires II (Retired),2026-02-25T01:15:42.296641
231430,Company of Heroes 2,2026-02-25T01:15:42.296643
813820,Realm Royale,2026-02-25T01:15:42.296645
594570,Total War: WARHAMMER II,2026-02-25T01:15:42.296647
391540,Undertale,2026-02-25T01:15:42.296648
976730,Halo: The Master Chief Collection,2026-02-25T01:15:42.296650
646570,Slay the Spire,2026-02-25T01:15:42.296652
588650,Dead Cells,2026-02-25T01:15:42.296654
268910,Cuphead,2026-02-25T01:15:42.296656
439700,Z1 Battle Royale: Test Server,2026-02-25T01:15:42.296658
500,Left 4 Dead,2026-02-25T01:15:42.296660
1118200,People Playground,2026-02-25T01:15:42.296662
620,Portal 2,2026-02-25T01:15:42.296664
1551360,Forza Horizon 5,2026-02-25T01:15:42.296666
1049590,Eternal Return,2026-02-25T01:15:42.296668
380,Half-Life 2: Episode One,2026-02-25T01:15:42.296670
360,Half-Life Deathmatch: Source,2026-02-25T01:15:42.296672
779340,Total War: THREE KINGDOMS,2026-02-25T01:15:42.296674
233450,Prison Architect,2026-02-25T01:15:42.296676
782330,DOOM Eternal,2026-02-25T01:15:42.296678
223710,Cry of Fear,2026-02-25T01:15:42.296680
677620,Splitgate: Arena Warfare,2026-02-25T01:15:42.296682
513710,SCUM,2026-02-25T01:15:42.296684
1677740,Stumble Guys,2026-02-25T01:15:42.296686
109600,Neverwinter,2026-02-25T01:15:42.296688
420,Half-Life 2: Episode Two,2026-02-25T01:15:42.296689
397900,Business Tour - Board Game with Online Multiplayer,2026-02-25T01:15:42.296691
698780,Doki Doki Literature Club!,2026-02-25T01:15:42.296693
435150,Divinity: Original Sin 2 - Definitive Edition,2026-02-25T01:15:42.296695
1100600,Football Manager 2020,2026-02-25T01:15:42.296697
1604030,V Rising,2026-02-25T01:15:42.296699
534380,Dying Light 2 Stay Human: Reloaded Edition,2026-02-25T01:15:42.296701
766570,Russian Fishing 4,2026-02-25T01:15:42.296703
548430,Deep Rock Galactic,2026-02-25T01:15:42.296704
294100,RimWorld,2026-02-25T01:15:42.296706
273110,Counter-Strike Nexon: Studio,2026-02-25T01:15:42.296708
868270,The Cycle: Frontier,2026-02-25T01:15:42.296710
863550,HITMAN 2,2026-02-25T01:15:42.296712
1237970,Titanfall 2,2026-02-25T01:15:42.296715
555570,Infestation: The New Z,2026-02-25T01:15:42.296717
10190,Call of Duty: Modern Warfare 2 (2009),2026-02-25T01:15:42.296719
424840,Little Nightmares,2026-02-25T01:15:42.296721
2669320,EA SPORTS FC 25,2026-02-25T01:15:42.296723
518790,theHunter: Call of the Wild,2026-02-25T01:15:42.296725
365590,Tom Clancy’s The Division,2026-02-25T01:15:42.296727
223470,POSTAL 2,2026-02-25T01:15:42.296729
241930,Middle-earth: Shadow of Mordor,2026-02-25T01:15:42.296731
346900,AdVenture Capitalist,2026-02-25T01:15:42.296733
3240220,Grand Theft Auto V Enhanced,2026-02-25T01:15:42.296735
440900,Conan Exiles,2026-02-25T01:15:42.296737
374320,DARK SOULS III,2026-02-25T01:15:42.296739
304390,FOR HONOR,2026-02-25T01:15:42.296741
1868140,DAVE THE DIVER,2026-02-25T01:15:42.296743
208090,Loadout,2026-02-25T01:15:42.296745
48700,Mount & Blade: Warband,2026-02-25T01:15:42.296747
2630,Call of Duty 2,2026-02-25T01:15:42.296749
12210,Grand Theft Auto IV: The Complete Edition,2026-02-25T01:15:42.296751
1144200,Ready or Not,2026-02-25T01:15:42.296753
113400,APB Reloaded,2026-02-25T01:15:42.296755
1332010,Stray,2026-02-25T01:15:42.296757
206420,Saints Row IV: Re-Elected,2026-02-25T01:15:42.296759
380600,Fishing Planet,2026-02-25T01:15:42.296761
225540,Just Cause 3,2026-02-25T01:15:42.296763
285800,Braveland,2026-02-25T01:15:42.296765
286690,Metro 2033 Redux,2026-02-25T01:15:42.296767
223750,DCS World Steam Edition,2026-02-25T01:15:42.296768
1593500,God of War,2026-02-25T01:15:42.296770
386180,Crossout,2026-02-25T01:15:42.296772
1238840,Battlefield 1,2026-02-25T01:15:42.296774
812140,Assassin's Creed Odyssey,2026-02-25T01:15:42.296776
1721470,Poppy Playtime,2026-02-25T01:15:42.296778
960090,Bloons TD 6,2026-02-25T01:15:42.296780
55230,Saints Row: The Third,2026-02-25T01:15:42.296782
262060,Darkest Dungeon,2026-02-25T01:15:42.296784
761890,Albion Online,2026-02-25T01:15:42.296786
2001120,Split Fiction,2026-02-25T01:15:42.296788
281990,Stellaris,2026-02-25T01:15:42.296790
252130,Divide By Sheep,2026-02-25T01:15:42.296792
211820,Starbound,2026-02-25T01:15:42.296794
8190,Just Cause 2,2026-02-25T01:15:42.296795
6060,"STAR WARS Battlefront II (Classic, 2005)",2026-02-25T01:15:42.296798
508440,Totally Accurate Battle Simulator,2026-02-25T01:15:42.296800
115300,Call of Duty: Modern Warfare 3 (2011),2026-02-25T01:15:42.296802
42910,Magicka,2026-02-25T01:15:42.296804
39210,FINAL FANTASY XIV Online,2026-02-25T01:15:42.296806
1222680,Need for Speed Heat,2026-02-25T01:15:42.296808
351940,The Descendant,2026-02-25T01:15:42.296810
1250,Killing Floor,2026-02-25T01:15:42.296812
2623190,The Elder Scrolls IV: Oblivion Remastered,2026-02-25T01:15:42.296814
323190,Frostpunk,2026-02-25T01:15:42.296816
1716740,Starfield,2026-02-25T01:15:42.296818
813780,Age of Empires II: Definitive Edition,2026-02-25T01:15:42.296820
630,Alien Swarm,2026-02-25T01:15:42.296822
57300,Amnesia: The Dark Descent,2026-02-25T01:15:42.296824
395170,DISTRAINT: Deluxe Edition,2026-02-25T01:15:42.296826
20920,The Witcher 2: Assassins of Kings Enhanced Edition,2026-02-25T01:15:42.296827
212680,FTL: Faster Than Light,2026-02-25T01:15:42.296829
504370,Battlerite,2026-02-25T01:15:42.296831
286160,Tabletop Simulator,2026-02-25T01:15:42.296833
311690,Enter the Gungeon,2026-02-25T01:15:42.296835
355840,Survarium,2026-02-25T01:15:42.296837
1145350,Hades II,2026-02-25T01:15:42.296839
1366800,Crosshair X,2026-02-25T01:15:42.296841
1196590,Resident Evil Village,2026-02-25T01:15:42.296843
613100,House Flipper,2026-02-25T01:15:42.296845
1172380,STAR WARS Jedi: Fallen Order,2026-02-25T01:15:42.296846
202970,Call of Duty: Black Ops II,2026-02-25T01:15:42.296848
304430,INSIDE,2026-02-25T01:15:42.296850
3590,Plants vs. Zombies GOTY Edition,2026-02-25T01:15:42.296852
1260320,Party Animals,2026-02-25T01:15:42.296855
33930,Arma 2: Operation Arrowhead,2026-02-25T01:15:42.296857
212500,The Lord of the Rings Online,2026-02-25T01:15:42.296859
457140,Oxygen Not Included,2026-02-25T01:15:42.296861
620980,Beat Saber,2026-02-25T01:15:42.296863
1222140,Detroit: Become Human,2026-02-25T01:15:42.296865
1817070,Marvel’s Spider-Man Remastered,2026-02-25T01:15:42.296867
205100,Dishonored,2026-02-25T01:15:42.296869
24240,PAYDAY The Heist,2026-02-25T01:15:42.296871
1506830,FIFA 22,2026-02-25T01:15:42.296873
871720,Ultimate Custom Night,2026-02-25T01:15:42.296875
962130,Grounded,2026-02-25T01:15:42.296878
356190,Middle-earth: Shadow of War,2026-02-25T01:15:42.296880
274190,Broforce,2026-02-25T01:15:42.296882
234140,Mad Max,2026-02-25T01:15:42.296884
8500,EVE Online,2026-02-25T01:15:42.296885
552520,Far Cry 5,2026-02-25T01:15:42.296887
7670,BioShock,2026-02-25T01:15:42.296889
760160,Vampire: The Masquerade - Bloodhunt,2026-02-25T01:15:42.296891
1203620,Enshrouded,2026-02-25T01:15:42.296893
270880,American Truck Simulator,2026-02-25T01:15:42.296895
601510,Yu-Gi-Oh! Duel Links,2026-02-25T01:15:42.296897
397540,Borderlands 3,2026-02-25T01:15:42.296899
12120,Grand Theft Auto: San Andreas,2026-02-25T01:15:42.296901
236870,HITMAN,2026-02-25T01:15:42.296902
674940,Stick Fight: The Game,2026-02-25T01:15:42.296904
884660,CRSED: F.O.A.D.,2026-02-25T01:15:42.296906
701160,Kingdom Two Crowns,2026-02-25T01:15:42.296908
1832640,Mirror 2: Project X,2026-02-25T01:15:42.296910
208650,Batman: Arkham Knight,2026-02-25T01:15:42.296912
48000,LIMBO,2026-02-25T01:15:42.296914
2379780,Balatro,2026-02-25T01:15:42.296916
298110,Far Cry 4,2026-02-25T01:15:42.296918
42710,Call of Duty: Black Ops,2026-02-25T01:15:42.296920
200710,Torchlight II,2026-02-25T01:15:42.296922
203770,Crusader Kings II,2026-02-25T01:15:42.296925
1903340,Clair Obscur: Expedition 33,2026-02-25T01:15:42.296927
244850,Space Engineers,2026-02-25T01:15:42.296928
1366540,Dyson Sphere Program,2026-02-25T01:15:42.296930
2709570,Supermarket Together,2026-02-25T01:15:42.296932
201270,Total War: SHOGUN 2,2026-02-25T01:15:42.296935
389730,TEKKEN 7,2026-02-25T01:15:42.296937
10090,Call of Duty: World at War,2026-02-25T01:15:42.296939
1259420,Days Gone,2026-02-25T01:15:42.296941
261640,Borderlands: The Pre-Sequel,2026-02-25T01:15:42.296942
220200,Kerbal Space Program,2026-02-25T01:15:42.296944
1142710,Total War: WARHAMMER III,2026-02-25T01:15:42.296946
265630,Fistful of Frags,2026-02-25T01:15:42.296948
219150,Hotline Miami,2026-02-25T01:15:42.296950
418460,Rising Storm 2: Vietnam,2026-02-25T01:15:42.296952
312990,The Expendabros,2026-02-25T01:15:42.296954
211500,RaceRoom Racing Experience,2026-02-25T01:15:42.296956
506540,Last Man Standing,2026-02-25T01:15:42.296958
20900,The Witcher: Enhanced Edition Director's Cut,2026-02-25T01:15:42.296959
552500,Warhammer: Vermintide 2,2026-02-25T01:15:42.296961
1057090,Ori and the Will of the Wisps,2026-02-25T01:15:42.296963
359320,Elite Dangerous,2026-02-25T01:15:42.296965
214950,Total War: ROME II - Emperor Edition,2026-02-25T01:15:42.296967
9480,Saints Row 2,2026-02-25T01:15:42.296969
245170,Skullgirls 2nd Encore,2026-02-25T01:15:42.296971
207610,The Walking Dead,2026-02-25T01:15:42.296973
35450,Red Orchestra 2: Heroes of Stalingrad with Rising Storm,2026-02-25T01:15:42.296975
285900,Gang Beasts,2026-02-25T01:15:42.296976
232090,Killing Floor 2,2026-02-25T01:15:42.296978
42680,Call of Duty: Modern Warfare 3 (2011),2026-02-25T01:15:42.296980
918570,Century: Age of Ashes,2026-02-25T01:15:42.296982
1771300,Kingdom Come: Deliverance II,2026-02-25T01:15:42.296984
447040,Watch_Dogs 2,2026-02-25T01:15:42.296987
200510,XCOM: Enemy Unknown,2026-02-25T01:15:42.296989
361420,ASTRONEER,2026-02-25T01:15:42.296991
33900,Arma 2,2026-02-25T01:15:42.296993
209080,Guns of Icarus Online,2026-02-25T01:15:42.296994
307780,Mortal Kombat X,2026-02-25T01:15:42.296996
335240,Transformice,2026-02-25T01:15:42.296998
403640,Dishonored 2,2026-02-25T01:15:42.297000
99900,Spiral Knights,2026-02-25T01:15:42.297003
1289310,Helltaker,2026-02-25T01:15:42.297005
287700,METAL GEAR SOLID V: THE PHANTOM PAIN,2026-02-25T01:15:42.297007
460930,Tom Clancy's Ghost Recon Wildlands,2026-02-25T01:15:42.297009
219740,Don't Starve,2026-02-25T01:15:42.297010
96000,The Tiny Bang Story,2026-02-25T01:15:42.297012
35720,Trine 2: Complete Story,2026-02-25T01:15:42.297015
387990,Scrap Mechanic,2026-02-25T01:15:42.297017
880940,Pummel Party,2026-02-25T01:15:42.297019
409710,BioShock Remastered,2026-02-25T01:15:42.297021
686810,Hell Let Loose,2026-02-25T01:15:42.297023
418370,Resident Evil 7 Biohazard,2026-02-25T01:15:42.297025
50130,Mafia II (Classic),2026-02-25T01:15:42.297027
1454400,Cookie Clicker,2026-02-25T01:15:42.297029
379430,Kingdom Come: Deliverance,2026-02-25T01:15:42.297031
274170,Hotline Miami 2: Wrong Number,2026-02-25T01:15:42.297033
232770,POSTAL,2026-02-25T01:15:42.297034
1363080,Manor Lords,2026-02-25T01:15:42.297036
585690,Minimalism,2026-02-25T01:15:42.297038
289650,Assassin's Creed Unity,2026-02-25T01:15:42.297040
17410,Mirror's Edge,2026-02-25T01:15:42.297042
4560,Company of Heroes - Legacy Edition,2026-02-25T01:15:42.297044
2479810,Gray Zone Warfare,2026-02-25T01:15:42.297046
233130,Shadow Warrior,2026-02-25T01:15:42.297049
1056960,Wolfenstein: Youngblood,2026-02-25T01:15:42.297051
976310,Mortal Kombat 11,2026-02-25T01:15:42.297052
202990,Call of Duty: Black Ops II,2026-02-25T01:15:42.297054
355180,Codename CURE,2026-02-25T01:15:42.297056
678950,DRAGON BALL FighterZ,2026-02-25T01:15:42.297058
1151340,Fallout 76,2026-02-25T01:15:42.297060
299360,Block N Load,2026-02-25T01:15:42.297062
213670,South Park: The Stick of Truth,2026-02-25T01:15:42.297064
262410,World of Guns: Gun Disassembly,2026-02-25T01:15:42.297066
224600,Defiance,2026-02-25T01:15:42.297068
368230,Kingdom: Classic,2026-02-25T01:15:42.297070
3097560,Liar's Bar,2026-02-25T01:15:42.297072
335300,DARK SOULS II: Scholar of the First Sin,2026-02-25T01:15:42.297073
233860,Kenshi,2026-02-25T01:15:42.297075
391720,Layers of Fear (2016),2026-02-25T01:15:42.297077
240720,Getting Over It with Bennett Foddy,2026-02-25T01:15:42.297079
838350,The Scroll Of Taiwu,2026-02-25T01:15:42.297081
238320,Outlast,2026-02-25T01:15:42.297083
282070,This War of Mine,2026-02-25T01:15:42.297085
412020,Metro Exodus,2026-02-25T01:15:42.297087
1158310,Crusader Kings III,2026-02-25T01:15:42.297089
2567870,Chained Together,2026-02-25T01:15:42.297090
265930,Goat Simulator,2026-02-25T01:15:42.297092
214490,Alien: Isolation,2026-02-25T01:15:42.297094
362890,Black Mesa,2026-02-25T01:15:42.297096
438740,Friday the 13th: The Game,2026-02-25T01:15:42.297098
617290,Remnant: From the Ashes,2026-02-25T01:15:42.297100
588430,Fallout Shelter,2026-02-25T01:15:42.297102
1943950,Escape the Backrooms,2026-02-25T01:15:42.297104
203140,Hitman: Absolution,2026-02-25T01:15:42.297106
12100,Grand Theft Auto III,2026-02-25T01:15:42.297108
905370,Conqueror's Blade,2026-02-25T01:15:42.297110
1056640,Phantasy Star Online 2,2026-02-25T01:15:42.297112
1942280,Brotato,2026-02-25T01:15:42.297117
238460,BattleBlock Theater,2026-02-25T01:15:42.297119
38400,Fallout: A Post Nuclear Role Playing Game,2026-02-25T01:15:42.297121
881020,Granblue Fantasy: Relink,2026-02-25T01:15:42.297123
65800,Dungeon Defenders,2026-02-25T01:15:42.297125
204880,Sins of a Solar Empire: Rebellion,2026-02-25T01:15:42.297127
235460,METAL GEAR RISING: REVENGEANCE,2026-02-25T01:15:42.297130
581320,Insurgency: Sandstorm,2026-02-25T01:15:42.297132
34330,Total War: SHOGUN 2,2026-02-25T01:15:42.297134
387290,Ori and the Blind Forest: Definitive Edition,2026-02-25T01:15:42.297136
728880,Overcooked! 2,2026-02-25T01:15:42.297138
391220,Rise of the Tomb Raider,2026-02-25T01:15:42.297140
8870,BioShock Infinite,2026-02-25T01:15:42.297142
372000,Tree of Savior (English Ver.),2026-02-25T01:15:42.297144
239030,"Papers, Please",2026-02-25T01:15:42.297146
629760,MORDHAU,2026-02-25T01:15:42.297148
646910,The Crew 2,2026-02-25T01:15:42.297149
367500,Dragon's Dogma: Dark Arisen,2026-02-25T01:15:42.297151
13520,Far Cry,2026-02-25T01:15:42.297153
967050,Pacify,2026-02-25T01:15:42.297155
2399830,ARK: Survival Ascended,2026-02-25T01:15:42.297157
648350,Jurassic World Evolution,2026-02-25T01:15:42.297159
471710,Rec Room,2026-02-25T01:15:42.297161
1372880,The Day Before,2026-02-25T01:15:42.297163
524220,NieR:Automata,2026-02-25T01:15:42.297165
305620,The Long Dark,2026-02-25T01:15:42.297167
475150,Titan Quest Anniversary Edition,2026-02-25T01:15:42.297168
47870,Need For Speed: Hot Pursuit,2026-02-25T01:15:42.297170
629520,Soundpad,2026-02-25T01:15:42.297172
282440,Quake Live,2026-02-25T01:15:42.297174
436150,Governor of Poker 3,2026-02-25T01:15:42.297177
1304930,The Outlast Trials,2026-02-25T01:15:42.297179
550900,Metin2,2026-02-25T01:15:42.297181
33230,Assassin's Creed 2,2026-02-25T01:15:42.297183
427730,Who's Your Daddy?!,2026-02-25T01:15:42.297185
221040,Resident Evil 6,2026-02-25T01:15:42.297187
1274570,DEVOUR,2026-02-25T01:15:42.297189
1222700,A Way Out,2026-02-25T01:15:42.297191
1468810,鬼谷八荒 Tale of Immortal,2026-02-25T01:15:42.297193
287390,Metro: Last Light Redux,2026-02-25T01:15:42.297195
570940,DARK SOULS: REMASTERED,2026-02-25T01:15:42.297196
1272080,PAYDAY 3,2026-02-25T01:15:42.297199
316010,Magic Duels,2026-02-25T01:15:42.297201
105450,Age of Empires III (2007),2026-02-25T01:15:42.297203
1167630,Teardown,2026-02-25T01:15:42.297205
11020,TrackMania Nations Forever,2026-02-25T01:15:42.297207
12200,Bully: Scholarship Edition,2026-02-25T01:15:42.297209
881100,Noita,2026-02-25T01:15:42.297210
1313140,Cult of the Lamb,2026-02-25T01:15:42.297212
261570,Ori and the Blind Forest,2026-02-25T01:15:42.297214
1361210,"Warhammer 40,000: Darktide",2026-02-25T01:15:42.297216
221910,The Stanley Parable,2026-02-25T01:15:42.297219
238090,Sniper Elite 3,2026-02-25T01:15:42.297221
242720,GunZ 2: The Second Duel,2026-02-25T01:15:42.297223
1250410,Microsoft Flight Simulator (2020) 40th Anniversary Edition,2026-02-25T01:15:42.297225
644930,They Are Billions,2026-02-25T01:15:42.297227
641990,The Escapists 2,2026-02-25T01:15:42.297229
1254120,Bless Unleashed,2026-02-25T01:15:42.297231
222880,Insurgency,2026-02-25T01:15:42.297233
1569040,Football Manager 2022,2026-02-25T01:15:42.297235
201790,Orcs Must Die! 2,2026-02-25T01:15:42.297237
203290,America's Army: Proving Grounds,2026-02-25T01:15:42.297239
2670630,Supermarket Simulator,2026-02-25T01:15:42.297241
286570,F1 2015,2026-02-25T01:15:42.297243
787860,Farming Simulator 19,2026-02-25T01:15:42.297245
466560,Northgard: Definitive Edition,2026-02-25T01:15:42.297247
207140,SpeedRunners,2026-02-25T01:15:42.297249
1092790,Inscryption,2026-02-25T01:15:42.297251
431240,Golf With Your Friends,2026-02-25T01:15:42.297253
248570,Toribash,2026-02-25T01:15:42.297255
107100,Bastion,2026-02-25T01:15:42.297257
209000,Batman: Arkham Origins,2026-02-25T01:15:42.297259
24960,Battlefield: Bad Company 2,2026-02-25T01:15:42.297261
848450,Subnautica: Below Zero,2026-02-25T01:15:42.297263
286940,S.K.I.L.L. - Special Force 2 (Shooter),2026-02-25T01:15:42.297265
740130,Tales of ARISE,2026-02-25T01:15:42.297267
17390,SPORE,2026-02-25T01:15:42.297269
530700,Argo,2026-02-25T01:15:42.297271
2622380,ELDEN RING NIGHTREIGN,2026-02-25T01:15:42.297273
220240,Far Cry 3,2026-02-25T01:15:42.297274
1217060,Gunfire Reborn,2026-02-25T01:15:42.297276
1248130,Farming Simulator 22,2026-02-25T01:15:42.297278
437900,Party Jousting,2026-02-25T01:15:42.297280
635260,CarX Drift Racing Online,2026-02-25T01:15:42.297282
259080,Just Cause 2: Multiplayer Mod,2026-02-25T01:15:42.297284
414340,Hellblade: Senua's Sacrifice,2026-02-25T01:15:42.297286
42700,Call of Duty: Black Ops,2026-02-25T01:15:42.297288
108710,Alan Wake,2026-02-25T01:15:42.297290
55100,Homefront,2026-02-25T01:15:42.297292
1520470,封灵档案,2026-02-25T01:15:42.297294
644560,Mirror,2026-02-25T01:15:42.297296
1263850,Football Manager 2021,2026-02-25T01:15:42.297298
407530,ARK: Survival Of The Fittest,2026-02-25T01:15:42.297300
774171,Muse Dash,2026-02-25T01:15:42.297302
279720,The I of the Dragon,2026-02-25T01:15:42.297304
201810,Wolfenstein: The New Order,2026-02-25T01:15:42.297306
319510,Five Nights at Freddy's,2026-02-25T01:15:42.297308
1888160,ARMORED CORE VI FIRES OF RUBICON,2026-02-25T01:15:42.297310
674020,World War 3,2026-02-25T01:15:42.297312
310950,Street Fighter V,2026-02-25T01:15:42.297314
952060,Resident Evil 3,2026-02-25T01:15:42.297316
1466860,Age of Empires IV: Anniversary Edition,2026-02-25T01:15:42.297318
949230,Cities: Skylines II,2026-02-25T01:15:42.297320
388410,Darksiders II Deathinitive Edition,2026-02-25T01:15:42.297322
1904540,Football Manager 2023,2026-02-25T01:15:42.297324
544810,KARDS - The WWII Card Game,2026-02-25T01:15:42.297326
611500,Quake Champions,2026-02-25T01:15:42.297328
50,Half-Life: Opposing Force,2026-02-25T01:15:42.297330
1408720,Krunker,2026-02-25T01:15:42.297332
310560,DiRT Rally,2026-02-25T01:15:42.297334
1845910,Dragon Age: The Veilguard,2026-02-25T01:15:42.297336
254700,Resident Evil 4 (2005),2026-02-25T01:15:42.297338
1029690,Sniper Elite 5,2026-02-25T01:15:42.297340
12220,Grand Theft Auto: Episodes from Liberty City,2026-02-25T01:15:42.297341
308040,Back to Bed,2026-02-25T01:15:42.297343
815370,Green Hell,2026-02-25T01:15:42.297345
470220,UNO,2026-02-25T01:15:42.297347
302830,BLOCKADE 3D,2026-02-25T01:15:42.297349
242920,Banished,2026-02-25T01:15:42.297351
236110,Dungeon Defenders II,2026-02-25T01:15:42.297353
383870,Firewatch,2026-02-25T01:15:42.297356
1399780,Spellbreak,2026-02-25T01:15:42.297358
1237950,STAR WARS Battlefront II,2026-02-25T01:15:42.297359
312660,Sniper Elite 4,2026-02-25T01:15:42.297361
502500,ACE COMBAT 7: SKIES UNKNOWN,2026-02-25T01:15:42.297363
632470,Disco Elysium - The Final Cut,2026-02-25T01:15:42.297366
200260,Batman: Arkham City - Game of the Year Edition,2026-02-25T01:15:42.297368
393380,Squad,2026-02-25T01:15:42.297370
40800,Super Meat Boy,2026-02-25T01:15:42.297371
303390,Dead Bits,2026-02-25T01:15:42.297373
280,Half-Life: Source,2026-02-25T01:15:42.297375
783770,Ironsight,2026-02-25T01:15:42.297377
212070,Star Conflict,2026-02-25T01:15:42.297379
110800,L.A. Noire,2026-02-25T01:15:42.297381
50300,Spec Ops: The Line,2026-02-25T01:15:42.297384
41070,Serious Sam 3: BFE,2026-02-25T01:15:42.297386
1284210,Guild Wars 2,2026-02-25T01:15:42.297388
35700,Trine Enchanted Edition,2026-02-25T01:15:42.297390
485510,Nioh: Complete Edition,2026-02-25T01:15:42.297392
210770,Sanctum 2,2026-02-25T01:15:42.297394
282140,SOMA,2026-02-25T01:15:42.297396
495420,State of Decay 2: Juggernaut Edition,2026-02-25T01:15:42.297398
323580,Jotun: Valhalla Edition,2026-02-25T01:15:42.297400
225260,Brutal Legend,2026-02-25T01:15:42.297401
2835570,Buckshot Roulette,2026-02-25T01:15:42.297403
464920,Surviving Mars,2026-02-25T01:15:42.297405
493340,Planet Coaster,2026-02-25T01:15:42.297407
9900,Star Trek Online,2026-02-25T01:15:42.297409
7940,Call of Duty 4: Modern Warfare (2007),2026-02-25T01:15:42.297411
343710,Kholat,2026-02-25T01:15:42.297413
504230,Celeste,2026-02-25T01:15:42.297415
394510,HELLDIVERS Dive Harder Edition,2026-02-25T01:15:42.297417
265590,The Red Solstice,2026-02-25T01:15:42.297419
1128810,RISK: Global Domination,2026-02-25T01:15:42.297421
325610,Total War: ATTILA,2026-02-25T01:15:42.297423
1643320,S.T.A.L.K.E.R. 2: Heart of Chornobyl,2026-02-25T01:15:42.297425
204450,Call of Juarez: Gunslinger,2026-02-25T01:15:42.297427
63380,Sniper Elite V2,2026-02-25T01:15:42.297429
268420,Aura Kingdom,2026-02-25T01:15:42.297431
482730,Football Manager 2017,2026-02-25T01:15:42.297433
360970,Heaven Forest NIGHTS,2026-02-25T01:15:42.297435
22370,Fallout 3: Game of the Year Edition,2026-02-25T01:15:42.297437
349040,NARUTO SHIPPUDEN: Ultimate Ninja STORM 4,2026-02-25T01:15:42.297439
204100,Max Payne 3,2026-02-25T01:15:42.297441
823130,Totally Accurate Battlegrounds,2026-02-25T01:15:42.297443
1184370,Pathfinder: Wrath of the Righteous - Enhanced Edition,2026-02-25T01:15:42.297445
640820,Pathfinder: Kingmaker — Enhanced Plus Edition,2026-02-25T01:15:42.297446
47890,The Sims 3,2026-02-25T01:15:42.297448
637650,FINAL FANTASY XV WINDOWS EDITION,2026-02-25T01:15:42.297450
703080,Planet Zoo,2026-02-25T01:15:42.297452
460950,Katana ZERO,2026-02-25T01:15:42.297454
35140,Batman: Arkham Asylum Game of the Year Edition,2026-02-25T01:15:42.297456
50620,Darksiders,2026-02-25T01:15:42.297458
337000,Deus Ex: Mankind Divided,2026-02-25T01:15:42.297460
433340,Slime Rancher,2026-02-25T01:15:42.297462
238010,Deus Ex: Human Revolution - Director's Cut,2026-02-25T01:15:42.297464
527230,For The King,2026-02-25T01:15:42.297466
39120,RIFT,2026-02-25T01:15:42.297467
307690,Sleeping Dogs: Definitive Edition,2026-02-25T01:15:42.297469
2054970,Dragon's Dogma 2,2026-02-25T01:15:42.297471
266840,Age of Mythology: Extended Edition,2026-02-25T01:15:42.297473
645630,Car Mechanic Simulator 2018,2026-02-25T01:15:42.297475
1790600,DRAGON BALL: Sparking! ZERO,2026-02-25T01:15:42.297477
300,Day of Defeat: Source,2026-02-25T01:15:42.297479
368260,Marvel's Midnight Suns,2026-02-25T01:15:42.297481
389570,Mitos.is: The Game,2026-02-25T01:15:42.297483
736590,Operation: Harsh Doorstop,2026-02-25T01:15:42.297485
1637320,Dome Keeper,2026-02-25T01:15:42.297487
409720,BioShock 2 Remastered,2026-02-25T01:15:42.297626
975370,Dwarf Fortress,2026-02-25T01:15:42.297633
15620,"Warhammer 40,000: Dawn of War II - Anniversary Edition",2026-02-25T01:15:42.297635
1371980,No Rest for the Wicked,2026-02-25T01:15:42.297637
993090,Lossless Scaling,2026-02-25T01:15:42.297641
476480,Heaven Forest - VR MMO,2026-02-25T01:15:42.297643
65930,The Bureau: XCOM Declassified,2026-02-25T01:15:42.297645
2215430,Ghost of Tsushima DIRECTOR'S CUT,2026-02-25T01:15:42.297647
1277400,Monster Hunter Stories 2: Wings of Ruin,2026-02-25T01:15:42.297649
3132990,Black Myth: Wukong Benchmark Tool,2026-02-25T01:15:42.297651
606150,Moonlighter,2026-02-25T01:15:42.297653
602960,Barotrauma,2026-02-25T01:15:42.297655
342200,MechWarrior Online Solaris 7,2026-02-25T01:15:42.297657
1824220,Chivalry 2,2026-02-25T01:15:42.297659
55150,"Warhammer 40,000: Space Marine - Anniversary Edition",2026-02-25T01:15:42.297661
8980,Borderlands Game of the Year,2026-02-25T01:15:42.297663
900883,The Elder Scrolls IV: Oblivion Game of the Year Edition Deluxe (2009),2026-02-25T01:15:42.297664
312530,Duck Game,2026-02-25T01:15:42.297667
1139900,Ghostrunner,2026-02-25T01:15:42.297668
1343400,RuneScape ,2026-02-25T01:15:42.297670
738060,Freddy Fazbear's Pizzeria Simulator,2026-02-25T01:15:42.297672
893520,Creative Destruction,2026-02-25T01:15:42.297674
234650,Shadowrun Returns,2026-02-25T01:15:42.297676
744900,Dead Frontier 2,2026-02-25T01:15:42.297678
314160,Microsoft Flight Simulator X: Steam Edition,2026-02-25T01:15:42.297680
1364780,Street Fighter 6,2026-02-25T01:15:42.297682
9010,Return to Castle Wolfenstein,2026-02-25T01:15:42.297684
554620,Life is Strange: Before the Storm,2026-02-25T01:15:42.297685
368500,Assassin's Creed Syndicate,2026-02-25T01:15:42.297687
17470,Dead Space (2008),2026-02-25T01:15:42.297689
204300,Awesomenauts,2026-02-25T01:15:42.297691
630100,SoulWorker - Anime Action MMO,2026-02-25T01:15:42.297693
750920,Shadow of the Tomb Raider: Definitive Edition,2026-02-25T01:15:42.297695
436520,Line of Sight,2026-02-25T01:15:42.297697
1659040,HITMAN World of Assassination,2026-02-25T01:15:42.297699
788100,Neon Abyss,2026-02-25T01:15:42.297701
858820,Tribes of Midgard,2026-02-25T01:15:42.297703
680420,OUTRIDERS,2026-02-25T01:15:42.297704
678960,CODE VEIN,2026-02-25T01:15:42.297706
1611910,"Warhammer 40,000: Chaos Gate - Daemonhunters",2026-02-25T01:15:42.297708
206440,To the Moon,2026-02-25T01:15:42.297710
613010,Secret in Story,2026-02-25T01:15:42.297712
424280,Iron Snout,2026-02-25T01:15:42.297714
212160,Vindictus,2026-02-25T01:15:42.297716
1030830,Mafia II: Definitive Edition,2026-02-25T01:15:42.297718
365450,Hacknet,2026-02-25T01:15:42.297720
302510,Ryse: Son of Rome,2026-02-25T01:15:42.297721
22330,The Elder Scrolls IV: Oblivion Game of the Year Edition (2009),2026-02-25T01:15:42.297723
1687950,Persona 5 Royal,2026-02-25T01:15:42.297725
113020,Monaco: What's Yours Is Mine,2026-02-25T01:15:42.297727
238370,Magicka 2,2026-02-25T01:15:42.297729
3070070,TCG Card Shop Simulator,2026-02-25T01:15:42.297731
977950,A Dance of Fire and Ice,2026-02-25T01:15:42.297733
6860,Hitman: Blood Money,2026-02-25T01:15:42.297735
1057240,Crucible Beta,2026-02-25T01:15:42.297737
511470,Glass Masquerade,2026-02-25T01:15:42.297738
268050,The Evil Within,2026-02-25T01:15:42.297740
389430,Knight Online,2026-02-25T01:15:42.297742
289130,ENDLESS Legend,2026-02-25T01:15:42.297744
488790,South Park: The Fractured But Whole,2026-02-25T01:15:42.297746
493520,GTFO,2026-02-25T01:15:42.297748
546560,Half-Life: Alyx,2026-02-25T01:15:42.297750
439190,Stories: The Path of Destinies,2026-02-25T01:15:42.297752
67370,The Darkness II,2026-02-25T01:15:42.297754
845070,The Awesome Adventures of Captain Spirit,2026-02-25T01:15:42.297756
453480,Shadowverse CCG,2026-02-25T01:15:42.297758
633230,NARUTO TO BORUTO: SHINOBI STRIKER,2026-02-25T01:15:42.297759
32370,STAR WARS Knights of the Old Republic,2026-02-25T01:15:42.297761
476600,Call of Duty: WWII,2026-02-25T01:15:42.297763
1404210,Red Dead Online,2026-02-25T01:15:42.297765
1557740,ROUNDS,2026-02-25T01:15:42.297767
1619450,Heart of a Warrior,2026-02-25T01:15:42.297769
683320,GRIS,2026-02-25T01:15:42.297771
2551020,One-armed robber,2026-02-25T01:15:42.297773
1536610,OpenTTD,2026-02-25T01:15:42.297775
386940,Ultimate Chicken Horse,2026-02-25T01:15:42.297777
346010,Besiege,2026-02-25T01:15:42.297779
924970,Back 4 Blood,2026-02-25T01:15:42.297781
349700,Romero's Aftermath,2026-02-25T01:15:42.297783
208140,ENDLESS Space - Definitive Edition,2026-02-25T01:15:42.297785
206500,AirMech Strike,2026-02-25T01:15:42.297786
57690,Tropico 4,2026-02-25T01:15:42.297788
2322010,God of War Ragnarök,2026-02-25T01:15:42.297790
274940,Depth,2026-02-25T01:15:42.297792
412220,DDraceNetwork,2026-02-25T01:15:42.297795
1290000,PowerWash Simulator,2026-02-25T01:15:42.297797
1286680,Tiny Tina's Wonderlands,2026-02-25T01:15:42.297799
39500,Gothic 3,2026-02-25T01:15:42.297801
872790,Football Manager 2019,2026-02-25T01:15:42.297803
291650,Pillars of Eternity,2026-02-25T01:15:42.297805
17330,Crysis Warhead,2026-02-25T01:15:42.297807
1533390,Gorilla Tag,2026-02-25T01:15:42.297809
606280,Darksiders III,2026-02-25T01:15:42.297811
10500,Total War: EMPIRE – Definitive Edition,2026-02-25T01:15:42.297812
1476970,Legends of IdleOn - Idle MMO,2026-02-25T01:15:42.297814
1262580,Need for Speed Payback,2026-02-25T01:15:42.297816
246620,Plague Inc: Evolved,2026-02-25T01:15:42.297818
319830,AX:EL - Air XenoDawn,2026-02-25T01:15:42.297820
324800,Shadow Warrior 2,2026-02-25T01:15:42.297822
341800,Keep Talking and Nobody Explodes,2026-02-25T01:15:42.297824
322500,SUPERHOT,2026-02-25T01:15:42.297826
939960,Far Cry New Dawn,2026-02-25T01:15:42.297828
239820,Game Dev Tycoon,2026-02-25T01:15:42.297830
509980,BIGFOOT,2026-02-25T01:15:42.297832
364360,Total War: WARHAMMER,2026-02-25T01:15:42.297834
492720,Tropico 6,2026-02-25T01:15:42.297835
12110,Grand Theft Auto: Vice City,2026-02-25T01:15:42.297837
460790,Bayonetta,2026-02-25T01:15:42.297839
627690,Idle Champions of the Forgotten Realms,2026-02-25T01:15:42.297841
1213210,Command & Conquer Remastered Collection,2026-02-25T01:15:42.297843
569480,Kingdoms and Castles,2026-02-25T01:15:42.297845
2021910,FPS Chess,2026-02-25T01:15:42.297847
242860,Verdun,2026-02-25T01:15:42.297849
239160,Thief,2026-02-25T01:15:42.297851
391460,WARMODE,2026-02-25T01:15:42.297853
636480,Ravenfield,2026-02-25T01:15:42.297854
2100,Dark Messiah of Might & Magic,2026-02-25T01:15:42.297856
21690,Resident Evil 5,2026-02-25T01:15:42.297858
228280,Baldur's Gate: Enhanced Edition,2026-02-25T01:15:42.297860
629730,Blade and Sorcery,2026-02-25T01:15:42.297862
2420510,HoloCure - Save the Fans!,2026-02-25T01:15:42.297864
113420,Fallen Earth Free2Play,2026-02-25T01:15:42.297866
706990,BLOCKPOST,2026-02-25T01:15:42.297868
269210,Hero Siege,2026-02-25T01:15:42.297870
304240,Resident Evil,2026-02-25T01:15:42.297872
621060,PC Building Simulator,2026-02-25T01:15:42.297874
48190,Assassin’s Creed Brotherhood,2026-02-25T01:15:42.297876
638970,Yakuza 0,2026-02-25T01:15:42.297877
24010,Train Simulator Classic,2026-02-25T01:15:42.297880
228380,Wreckfest,2026-02-25T01:15:42.297882
327690,Gigantic,2026-02-25T01:15:42.297884
417860,Emily is Away,2026-02-25T01:15:42.297886
1058020,"STAR WARS Battlefront (Classic, 2004)",2026-02-25T01:15:42.297888
1262350,SIGNALIS,2026-02-25T01:15:42.297890
582160,Assassin's Creed Origins,2026-02-25T01:15:42.297892
287450,Rise of Nations: Extended Edition,2026-02-25T01:15:42.297894
582500,We Were Here,2026-02-25T01:15:42.297896
22320,The Elder Scrolls III: Morrowind Game of the Year Edition,2026-02-25T01:15:42.297898
519860,DUSK,2026-02-25T01:15:42.297900
442080,Riders of Icarus,2026-02-25T01:15:42.297902
704270,Generation Zero,2026-02-25T01:15:42.297904
40990,Mafia,2026-02-25T01:15:42.297905
1627140,Sabre Team,2026-02-25T01:15:42.297907
612880,Wolfenstein II: The New Colossus,2026-02-25T01:15:42.297909
638070,Murderous Pursuits,2026-02-25T01:15:42.297911
3146520,WEBFISHING,2026-02-25T01:15:42.297913
537180,Digimon Masters Online,2026-02-25T01:15:42.297915
232890,Stronghold Crusader 2,2026-02-25T01:15:42.297917
6000,STAR WARS Republic Commando,2026-02-25T01:15:42.297919
1049410,Superliminal,2026-02-25T01:15:42.297921
1343370,Old School RuneScape,2026-02-25T01:15:42.297923
1238860,Battlefield 4,2026-02-25T01:15:42.297925
961200,Predecessor,2026-02-25T01:15:42.297927
2527500,MiSide,2026-02-25T01:15:42.297929
102600,Orcs Must Die!,2026-02-25T01:15:42.297930
870780,Control Ultimate Edition,2026-02-25T01:15:42.297932
24980,Mass Effect 2 (2010 Edition),2026-02-25T01:15:42.297934
312520,Rain World,2026-02-25T01:15:42.297936
285190,"Warhammer 40,000: Dawn of War III",2026-02-25T01:15:42.297938
202170,Sleeping Dogs,2026-02-25T01:15:42.297941
235600,Tom Clancy’s Splinter Cell Blacklist,2026-02-25T01:15:42.297943
34030,Total War: NAPOLEON – Definitive Edition,2026-02-25T01:15:42.297945
459820,Crush Crush,2026-02-25T01:15:42.297947
47810,Dragon Age: Origins - Ultimate Edition,2026-02-25T01:15:42.297948
280790,Creativerse,2026-02-25T01:15:42.297950
1313860,EA SPORTS FIFA 21,2026-02-25T01:15:42.297952
2280,DOOM + DOOM II,2026-02-25T01:15:42.297954
637090,BATTLETECH,2026-02-25T01:15:42.297956
690790,DiRT Rally 2.0,2026-02-25T01:15:42.297958
704850,Thief Simulator,2026-02-25T01:15:42.297960
424370,Wolcen: Lords of Mayhem,2026-02-25T01:15:42.297962
851850,DRAGON BALL Z: KAKAROT,2026-02-25T01:15:42.297964
243470,Watch_Dogs,2026-02-25T01:15:42.298031
491950,Orwell: Keeping an Eye On You,2026-02-25T01:15:42.298033
1384160,GUILTY GEAR -STRIVE-,2026-02-25T01:15:42.298035
2622000,Astral Party ,2026-02-25T01:15:42.298037
1061910,Metal: Hellsinger,2026-02-25T01:15:42.298039
247080,Crypt of the NecroDancer,2026-02-25T01:15:42.298041
392110,ENDLESS Space 2,2026-02-25T01:15:42.298043
47830,Medal of Honor,2026-02-25T01:15:42.298045
214420,Gear Up,2026-02-25T01:15:42.298047
9340,Company of Heroes: Opposing Fronts,2026-02-25T01:15:42.298049
438040,Shakes and Fidget,2026-02-25T01:15:42.298051
752590,A Plague Tale: Innocence,2026-02-25T01:15:42.298052
736220,Squad 44,2026-02-25T01:15:42.298054
933110,Age of Empires III: Definitive Edition,2026-02-25T01:15:42.298056
24200,DC Universe Online,2026-02-25T01:15:42.298058
304670,Aeon Command,2026-02-25T01:15:42.298060
228200,Company of Heroes,2026-02-25T01:15:42.298062
233720,Surgeon Simulator,2026-02-25T01:15:42.298064
1483870,Draw & Guess,2026-02-25T01:15:42.298066
692850,Bloodstained: Ritual of the Night,2026-02-25T01:15:42.298069
1241100,POLYGON: Multiplayer Shooter,2026-02-25T01:15:42.298071
15100,Assassin's Creed: Director's Cut Edition,2026-02-25T01:15:42.298073
1282100,REMNANT II,2026-02-25T01:15:42.298074
287290,Resident Evil Revelations 2,2026-02-25T01:15:42.298076
1225330,NBA 2K21,2026-02-25T01:15:42.298078
4920,Natural Selection 2,2026-02-25T01:15:42.298080
1515950,Capcom Arcade Stadium,2026-02-25T01:15:42.298082
19900,Far Cry 2,2026-02-25T01:15:42.298084
979690,The Ascent,2026-02-25T01:15:42.298086
130,Half-Life: Blue Shift,2026-02-25T01:15:42.298088
809960,Radical Heights,2026-02-25T01:15:42.298090
232050,Eador. Masters of the Broken World,2026-02-25T01:15:42.298092
47790,Medal of Honor,2026-02-25T01:15:42.298094
253980,Enclave,2026-02-25T01:15:42.298096
292730,Call of Duty: Infinite Warfare,2026-02-25T01:15:42.298098
774361,Blasphemous,2026-02-25T01:15:42.298100
34270,SEGA Mega Drive and Genesis Classics,2026-02-25T01:15:42.298102
4500,S.T.A.L.K.E.R.: Shadow of Chernobyl,2026-02-25T01:15:42.298104
251060,Wargame: Red Dragon,2026-02-25T01:15:42.298105
32470,STAR WARS Empire at War - Gold Pack,2026-02-25T01:15:42.298107
837470,Untitled Goose Game,2026-02-25T01:15:42.298109
834910,ATLAS,2026-02-25T01:15:42.298111
454650,DRAGON BALL XENOVERSE 2,2026-02-25T01:15:42.298113
1238820,Battlefield 3,2026-02-25T01:15:42.298115
1284410,GWENT: The Witcher Card Game,2026-02-25T01:15:42.298117
323470,DRAGON BALL XENOVERSE,2026-02-25T01:15:42.298119
1089980,The Henry Stickmin Collection,2026-02-25T01:15:42.298121
1147560,Skul: The Hero Slayer,2026-02-25T01:15:42.298123
214560,Mark of the Ninja,2026-02-25T01:15:42.298125
225080,Brothers - A Tale of Two Sons,2026-02-25T01:15:42.298127
237930,Transistor,2026-02-25T01:15:42.298129
96100,Defy Gravity Extended,2026-02-25T01:15:42.298132
113200,The Binding of Isaac,2026-02-25T01:15:42.298134
2310,Quake,2026-02-25T01:15:42.298136
599140,Graveyard Keeper,2026-02-25T01:15:42.298138
1840,Source Filmmaker,2026-02-25T01:15:42.298140
65980,Sid Meier's Civilization: Beyond Earth,2026-02-25T01:15:42.298142
373420,Divinity: Original Sin - Enhanced Edition,2026-02-25T01:15:42.298143
1621690,Core Keeper,2026-02-25T01:15:42.298145
311860,Data Hacker: Initiation,2026-02-25T01:15:42.298147
1089090,ONE PIECE: PIRATE WARRIORS 4,2026-02-25T01:15:42.298149
942970,Unheard - Voices of Crime,2026-02-25T01:15:42.298151
41500,Torchlight,2026-02-25T01:15:42.298153
1778820,TEKKEN 8,2026-02-25T01:15:42.298155
17080,Tribes: Ascend,2026-02-25T01:15:42.298157
1522820,Orcs Must Die! 3,2026-02-25T01:15:42.298159
23310,The Last Remnant,2026-02-25T01:15:42.298161
487220,Freebie,2026-02-25T01:15:42.298163
34440,Sid Meier's Civilization IV,2026-02-25T01:15:42.298164
4570,"Warhammer 40,000: Dawn of War - Anniversary Edition",2026-02-25T01:15:42.298166
2322560,Love Is All Around,2026-02-25T01:15:42.298168
2344520,Diablo IV,2026-02-25T01:15:42.298170
10680,Aliens vs. Predator,2026-02-25T01:15:42.298172
6880,Just Cause,2026-02-25T01:15:42.298174
216150,MapleStory,2026-02-25T01:15:42.298176
443110,Armored Warfare,2026-02-25T01:15:42.298178
378540,The Surge,2026-02-25T01:15:42.298180
527430,"Warhammer 40,000: Inquisitor - Martyr",2026-02-25T01:15:42.298182
753640,Outer Wilds,2026-02-25T01:15:42.298183
334210,Fortified,2026-02-25T01:15:42.298185
206480,Dungeons & Dragons Online,2026-02-25T01:15:42.298187
583950,Artifact,2026-02-25T01:15:42.298189
921630,音灵 INVAXION,2026-02-25T01:15:42.298191
215080,WAKFU,2026-02-25T01:15:42.298194
65790,ARMA: Cold War Assault,2026-02-25T01:15:42.298196
311340,METAL GEAR SOLID V: GROUND ZEROES,2026-02-25T01:15:42.298198
535930,Two Point Hospital,2026-02-25T01:15:42.298200
332070,School of Dragons,2026-02-25T01:15:42.298203
414700,Outlast 2,2026-02-25T01:15:42.298225
270150,RUNNING WITH RIFLES,2026-02-25T01:15:42.298228
292910,Deponia: The Complete Journey,2026-02-25T01:15:42.298231
447020,Farming Simulator 17,2026-02-25T01:15:42.298234
17300,Crysis,2026-02-25T01:15:42.298237
1282730,Loop Hero,2026-02-25T01:15:42.298241
32800,Lord of the Rings: War in the North,2026-02-25T01:15:42.298243
102500,Kingdoms of Amalur: Reckoning,2026-02-25T01:15:42.298246
8850,BioShock 2,2026-02-25T01:15:42.298249
899440,GOD EATER 3,2026-02-25T01:15:42.298251
418240,Shadow Tactics: Blades of the Shogun,2026-02-25T01:15:42.298254
207230,ArcheBlade,2026-02-25T01:15:42.298258
20570,"Warhammer 40,000: Dawn of War II Chaos Rising",2026-02-25T01:15:42.298262
17460,Mass Effect (2007),2026-02-25T01:15:42.298264
383150,Dead Island Definitive Edition,2026-02-25T01:15:42.298266
224760,FEZ,2026-02-25T01:15:42.298267
1178830,Bright Memory: Infinite,2026-02-25T01:15:42.298269
510840,Evolvation,2026-02-25T01:15:42.298271
2012510,Stormgate,2026-02-25T01:15:42.298273
297000,Heroes of Might & Magic III - HD Edition,2026-02-25T01:15:42.298275
1151640,Horizon Zero Dawn Complete Edition,2026-02-25T01:15:42.298277
334230,Town of Salem,2026-02-25T01:15:42.298279
418070,Turbo Pug,2026-02-25T01:15:42.298281
364470,The Elder Scrolls: Legends,2026-02-25T01:15:42.298283
1190000,Car Mechanic Simulator 2021,2026-02-25T01:15:42.298285
601430,The Evil Within 2,2026-02-25T01:15:42.298287
263500,Dragons and Titans,2026-02-25T01:15:42.298290
4700,Total War: MEDIEVAL II – Definitive Edition,2026-02-25T01:15:42.298292
39140,FINAL FANTASY VII,2026-02-25T01:15:42.298294
675010,MudRunner,2026-02-25T01:15:42.298296
220440,DmC: Devil May Cry,2026-02-25T01:15:42.298298
240320,Panzar,2026-02-25T01:15:42.298300
544730,Catan Universe,2026-02-25T01:15:42.298302
337320,Paint the Town Red,2026-02-25T01:15:42.298304
350640,Sherlock Holmes: The Devil's Daughter,2026-02-25T01:15:42.298306
2231450,Pizza Tower,2026-02-25T01:15:42.298308
552100,Brick Rigs,2026-02-25T01:15:42.298309
1475810,Ghostwire: Tokyo,2026-02-25T01:15:42.298311
427270,Orcs Must Die! Unchained,2026-02-25T01:15:42.298313
392160,X4: Foundations,2026-02-25T01:15:42.298315
346330,BrainBread 2,2026-02-25T01:15:42.298317
3910,Sid Meier's Civilization III Complete,2026-02-25T01:15:42.298319
1380400,Saving Grace,2026-02-25T01:15:42.298321
805550,Assetto Corsa Competizione,2026-02-25T01:15:42.298323
41000,Serious Sam HD: The First Encounter,2026-02-25T01:15:42.298325
1284190,The Planet Crafter,2026-02-25T01:15:42.298327
2064650,Tower of Fantasy,2026-02-25T01:15:42.298329
56437,"Warhammer 40,000: Dawn of War II: Retribution",2026-02-25T01:15:42.298331
585420,Trailmakers,2026-02-25T01:15:42.298333
1562430,DREDGE,2026-02-25T01:15:42.298335
1987080,Inside the Backrooms,2026-02-25T01:15:42.298337
666220,CS2D,2026-02-25T01:15:42.298339
245620,Tropico 5,2026-02-25T01:15:42.298340
529340,Victoria 3,2026-02-25T01:15:42.298342
657200,Hand Simulator,2026-02-25T01:15:42.298344
209160,Call of Duty: Ghosts,2026-02-25T01:15:42.298346
6850,Hitman 2: Silent Assassin,2026-02-25T01:15:42.298348
1388770,Cruelty Squad,2026-02-25T01:15:42.298350
603850,Age of History II,2026-02-25T01:15:42.298353
32430,STAR WARS - The Force Unleashed Ultimate Sith Edition,2026-02-25T01:15:42.298369
253900,Knights and Merchants,2026-02-25T01:15:42.298371
1113000,Persona 4 Golden,2026-02-25T01:15:42.298372
1016920,Unrailed!,2026-02-25T01:15:42.298375
955050,Bright Memory,2026-02-25T01:15:42.298377
1929610,Demonologist,2026-02-25T01:15:42.298379
1850570,DEATH STRANDING DIRECTOR'S CUT,2026-02-25T01:15:42.298381
2096610,Crysis 3 Remastered,2026-02-25T01:15:42.298383
446800,Transport Fever,2026-02-25T01:15:42.298385
250400,How to Survive,2026-02-25T01:15:42.298387
209170,Call of Duty: Ghosts,2026-02-25T01:15:42.298389
1211020,Wobbly Life,2026-02-25T01:15:42.298391
1296830,暖雪 Warm Snow,2026-02-25T01:15:42.298393
410320,EARTH DEFENSE FORCE 4.1 The Shadow of New Despair,2026-02-25T01:15:42.298395
261110,Killer is Dead - Nightmare Edition,2026-02-25T01:15:42.298397
208580,STAR WARS Knights of the Old Republic II - The Sith Lords,2026-02-25T01:15:42.298399
775500,SCARLET NEXUS,2026-02-25T01:15:42.298401
447820,Day of Infamy,2026-02-25T01:15:42.298403
1599600,PlateUp!,2026-02-25T01:15:42.298405
475550,Beholder,2026-02-25T01:15:42.298406
257510,The Talos Principle,2026-02-25T01:15:42.298408
474960,Quantum Break,2026-02-25T01:15:42.298410
237110,Mortal Kombat Komplete Edition,2026-02-25T01:15:42.298412
444640,Bloons TD Battles,2026-02-25T01:15:42.298414
843380,Super Animal Royale,2026-02-25T01:15:42.298416
560130,Pillars of Eternity II: Deadfire,2026-02-25T01:15:42.298418
4760,Rome: Total War - Collection,2026-02-25T01:15:42.298420
568220,Lobotomy Corporation | Monster Management Simulation,2026-02-25T01:15:42.298422
202750,Alan Wake's American Nightmare,2026-02-25T01:15:42.298424
257350,Baldur's Gate II: Enhanced Edition,2026-02-25T01:15:42.298425
1676130,Deadlink,2026-02-25T01:15:42.298427
34870,Sniper: Ghost Warrior 2,2026-02-25T01:15:42.298430
224540,Ace of Spades: Battle Builder,2026-02-25T01:15:42.298432
816020,JUMP FORCE,2026-02-25T01:15:42.298434
699130,World War Z,2026-02-25T01:15:42.298436
681660,Bless Online,2026-02-25T01:15:42.298438
462780,Darksiders Warmastered Edition,2026-02-25T01:15:42.298439
34460,Civilization IV: Beyond the Sword,2026-02-25T01:15:42.298441
448510,Overcooked,2026-02-25T01:15:42.298443
1129580,Medieval Dynasty,2026-02-25T01:15:42.298445
1307550,Craftopia,2026-02-25T01:15:42.298447
460920,Steep,2026-02-25T01:15:42.298449
55110,Red Faction: Armageddon,2026-02-25T01:15:42.298451
278080,DYNASTY WARRIORS 8: Xtreme Legends Complete Edition,2026-02-25T01:15:42.298453
996580,Spyro Reignited Trilogy,2026-02-25T01:15:42.298455
231060,Ragnarok Online 2,2026-02-25T01:15:42.298457
108800,Crysis 2 - Maximum Edition,2026-02-25T01:15:42.298458
1094520,Sands of Salzaar,2026-02-25T01:15:42.298460
673950,Farm Together,2026-02-25T01:15:42.298462
747660,Five Nights at Freddy's: Security Breach,2026-02-25T01:15:42.298464
6910,Deus Ex: Game of the Year Edition,2026-02-25T01:15:42.298466
239350,Spelunky,2026-02-25T01:15:42.298468
360430,Mafia III: Definitive Edition,2026-02-25T01:15:42.298470
215280,Secret World Legends,2026-02-25T01:15:42.298472
1030840,Mafia: Definitive Edition,2026-02-25T01:15:42.298474
673130,AMID EVIL,2026-02-25T01:15:42.298476
377300,Thunder Tier One,2026-02-25T01:15:42.298478
323850,Move or Die,2026-02-25T01:15:42.298480
2552430,KINGDOM HEARTS -HD 1.5+2.5 ReMIX-,2026-02-25T01:15:42.298482
823500,BONEWORKS,2026-02-25T01:15:42.298484
841370,NBA 2K19,2026-02-25T01:15:42.298486
204340,Serious Sam II,2026-02-25T01:15:42.298488
794260,Outward Definitive Edition,2026-02-25T01:15:42.298490
299460,Woodle Tree Adventures,2026-02-25T01:15:42.298492
2680010,The First Berserker: Khazan,2026-02-25T01:15:42.298494
1755910,Capcom Arcade 2nd Stadium,2026-02-25T01:15:42.298502
1266680,Strobophagia | Rave Horror,2026-02-25T01:15:42.298504
265550,Dead Rising 3 Apocalypse Edition,2026-02-25T01:15:42.298506
246900,Viscera Cleanup Detail,2026-02-25T01:15:42.298508
253960,Jack Orlando: Director's Cut,2026-02-25T01:15:42.298510
450390,The Lab,2026-02-25T01:15:42.298512
920210,LEGO Star Wars: The Skywalker Saga,2026-02-25T01:15:42.298514
17480,Command & Conquer: Red Alert 3,2026-02-25T01:15:42.298516
249130,LEGO Marvel Super Heroes,2026-02-25T01:15:42.298518
1017180,The Long Drive,2026-02-25T01:15:42.298520
26800,Braid,2026-02-25T01:15:42.298522
1515210,The Past Within,2026-02-25T01:15:42.298524
1147550,Not For Broadcast,2026-02-25T01:15:42.298526
640590,The LEGO NINJAGO Movie Video Game,2026-02-25T01:15:42.298528
434650,Lost Castle / 失落城堡,2026-02-25T01:15:42.298530
1774580,STAR WARS Jedi: Survivor,2026-02-25T01:15:42.298532
431730,Aseprite,2026-02-25T01:15:42.298534
780310,The Riftbreaker,2026-02-25T01:15:42.298535
261030,The Walking Dead: Season Two,2026-02-25T01:15:42.298537
226840,Age of Wonders III,2026-02-25T01:15:42.298539
374040,Portal Knights,2026-02-25T01:15:42.298541
1328670,Mass Effect Legendary Edition,2026-02-25T01:15:42.298543
1044720,Farthest Frontier,2026-02-25T01:15:42.298545
668580,Atomic Heart,2026-02-25T01:15:42.298547
544750,SOULCALIBUR VI,2026-02-25T01:15:42.298549
972660,Spiritfarer: Farewell Edition,2026-02-25T01:15:42.298551
1150690,OMORI,2026-02-25T01:15:42.298553
